s.no,flight_number,unnamed:_2,from,to,aircraft,flight_time,std,atd,sta,unnamed:_10,ata,unnamed:_12,unnamed:_13,flight_time_min
1.0,AI2509,,,,,,,,,,,,,
, ,2025-07-25,Mumbai (BOM),Chandigarh (IXC),A20N (VT-EXU),01:54:00,06:00:00,06:20:00,08:10:00,,Landed 8:14 AM,  , ,114.0
, ,2025-07-24,Mumbai (BOM),Chandigarh (IXC),A20N (VT-RTJ),01:54:00,06:00:00,06:07:00,08:10:00,,Landed 8:01 AM,  , ,114.0
, ,2025-07-23,Mumbai (BOM),Chandigarh (IXC),A20N (VT-TQB),02:04:00,06:00:00,06:20:00,08:10:00,,Landed 8:23 AM,  , ,124.0
, ,2025-07-22,Mumbai (BOM),Chandigarh (IXC),A20N (VT-RTU),01:50:00,06:00:00,07:30:00,08:10:00,,Landed 9:20 AM,  , ,110.0
, ,2025-07-21,Mumbai (BOM),Chandigarh (IXC),A20N (VT-EXK),01:50:00,06:00:00,06:11:00,08:10:00,,Landed 8:01 AM,  , ,110.0
, ,2025-07-20,Mumbai (BOM),Chandigarh (IXC),A20N (VT-EXM),01:48:00,05:30:00,05:50:00,07:40:00,,Landed 7:39 AM,  , ,108.0
, ,2025-07-19,Mumbai (BOM),Chandigarh (IXC),A20N (VT-EXL),01:54:00,06:00:00,06:15:00,08:10:00,,Landed 8:09 AM,  , ,114.0
,,,,,,,,,,,,,,
,,,,,,,,,,,,,,
2.0,AI2625,,,,,,,,,,,,,
, ,2025-07-25,Mumbai (BOM),Hyderabad (HYD),A20N (VT-TQW),01:09:00,06:00:00,06:17:00,07:25:00,,Landed 7:26 AM,  , ,69.0
, ,2025-07-24,Mumbai (BOM),Hyderabad (HYD),A20N (VT-TQH),01:08:00,06:00:00,06:18:00,07:25:00,,Landed 7:27 AM,  , ,68.0
, ,2025-07-23,Mumbai (BOM),Hyderabad (HYD),A20N (VT-EXV),01:05:00,06:00:00,06:26:00,07:25:00,,Landed 7:31 AM,  , ,65.0
, ,2025-07-22,Mumbai (BOM),Hyderabad (HYD),A20N (VT-TQF),01:06:00,06:00:00,06:39:00,07:25:00,,Landed 7:45 AM,  , ,66.0
, ,2025-07-21,Mumbai (BOM),Hyderabad (HYD),A20N (VT-TNU),01:07:00,06:00:00,06:22:00,07:25:00,,Landed 7:29 AM,  , ,67.0
, ,2025-07-20,Mumbai (BOM),Hyderabad (HYD),A20N (VT-EXV),01:11:00,06:00:00,06:11:00,07:25:00,,Landed 7:23 AM,  , ,71.0
, ,2025-07-19,Mumbai (BOM),Hyderabad (HYD),A20N (VT-TQB),01:13:00,06:00:00,06:20:00,07:25:00,,Landed 7:33 AM,  , ,73.0
,,,,,,,,,,,,,,
3.0,6E762,,,,,,,,,,,,,
, ,2025-07-25,Mumbai (BOM),Delhi (DEL),A21N (VT-NCB),01:42:00,06:00:00,06:08:00,07:55:00,,Landed 7:49 AM,  , ,102.0
, ,2025-07-24,Mumbai (BOM),Delhi (DEL),A21N (VT-IWQ),01:47:00,06:00:00,06:15:00,07:55:00,,Landed 8:02 AM,  , ,107.0
, ,2025-07-23,Mumbai (BOM),Delhi (DEL),A21N (VT-NCA),01:52:00,06:00:00,06:22:00,07:55:00,,Landed 8:14 AM,  , ,112.0
, ,2025-07-22,Mumbai (BOM),Delhi (DEL),A21N (VT-ICF),01:37:00,06:00:00,06:08:00,07:55:00,,Landed 7:45 AM,  , ,97.0
, ,2025-07-21,Mumbai (BOM),Delhi (DEL),A21N (VT-NCR),01:36:00,06:00:00,06:10:00,07:55:00,,Landed 7:45 AM,  , ,96.0
, ,2025-07-20,Mumbai (BOM),Delhi (DEL),A21N (VT-NCA),01:40:00,06:00:00,06:02:00,07:55:00,,Landed 7:42 AM,  , ,100.0
, ,2025-07-19,Mumbai (BOM),Delhi (DEL),A21N (VT-NCG),01:45:00,06:00:00,06:07:00,07:55:00,,Landed 7:53 AM,  , ,105.0
,,,,,,,,,,,,,,
4.0,QP1891,,,,,,,,,,,,,
, ,2025-07-25,Mumbai (BOM),Srinagar (SXR),B38M (VT-YAP),02:12:00,06:05:00,06:25:00,08:45:00,,Landed 8:37 AM,  , ,132.0
, ,2025-07-24,Mumbai (BOM),Srinagar (SXR),B38M (VT-YAH),02:23:00,06:05:00,06:23:00,08:45:00,,Landed 8:46 AM,  , ,143.0
, ,2025-07-23,Mumbai (BOM),Srinagar (SXR),B38M (VT-YAG),02:23:00,06:05:00,06:30:00,08:45:00,,Landed 8:52 AM,  , ,143.0
, ,2025-07-22,Mumbai (BOM),Srinagar (SXR),B38M (VT-YBE),02:19:00,06:05:00,06:18:00,08:45:00,,Landed 8:37 AM,  , ,139.0
, ,2025-07-21,Mumbai (BOM),Srinagar (SXR),B38M (VT-YAF),02:27:00,06:05:00,06:29:00,08:45:00,,Landed 8:56 AM,  , ,147.0
, ,2025-07-20,Mumbai (BOM),Srinagar (SXR),B38M (VT-YAI),02:17:00,06:05:00,06:15:00,08:45:00,,Landed 8:33 AM,  , ,137.0
, ,2025-07-19,Mumbai (BOM),Srinagar (SXR),B38M (VT-YAA),02:11:00,06:05:00,06:16:00,08:45:00,,Landed 8:27 AM,  , ,131.0
,,,,,,,,,,,,,,
5.0,6E5352,,,,,,,,,,,,,
, ,2025-07-25,Mumbai (BOM),Bengaluru (BLR),A21N (VT-IWU),01:17:00,06:05:00,06:05:00,07:55:00,,Landed 7:22 AM,  , ,77.0
, ,2025-07-24,Mumbai (BOM),Bengaluru (BLR),A21N (VT-IWS),01:26:00,06:05:00,06:12:00,07:55:00,,Landed 7:38 AM,  , ,86.0
, ,2025-07-23,Mumbai (BOM),Bengaluru (BLR),A21N (VT-IWT),01:25:00,06:05:00,06:14:00,07:55:00,,Landed 7:39 AM,  , ,85.0
, ,2025-07-22,Mumbai (BOM),Bengaluru (BLR),A21N (VT-IWU),01:21:00,06:05:00,06:16:00,07:55:00,,Landed 7:37 AM,  , ,81.0
, ,2025-07-21,Mumbai (BOM),Bengaluru (BLR),A21N (VT-NCQ),01:19:00,06:05:00,06:03:00,07:55:00,,Landed 7:22 AM,  , ,79.0
, ,2025-07-20,Mumbai (BOM),Bengaluru (BLR),A21N (VT-NCH),01:20:00,06:05:00,06:06:00,07:55:00,,Landed 7:25 AM,  , ,80.0
, ,2025-07-19,Mumbai (BOM),Bengaluru (BLR),A21N (VT-NCB),01:11:00,06:05:00,06:10:00,07:55:00,,Landed 7:21 AM,  , ,71.0
,,,,,,,,,,,,,,
6.0, 6E1185,,,,,,,,,,,,,
, ,2025-07-25,Mumbai (BOM),Colombo (CMB),A20N (VT-IJZ),02:07:00,06:10:00,06:54:00,08:45:00,,Landed 9:00 AM,  , ,127.0
, ,2025-07-24,Mumbai (BOM),Colombo (CMB),A20N (VT-ITZ),02:02:00,06:10:00,06:34:00,08:45:00,,Landed 8:36 AM,  , ,122.0
, ,2025-07-23,Mumbai (BOM),Colombo (CMB),A20N (VT-IPU),02:06:00,06:10:00,07:31:00,08:45:00,,Landed 9:37 AM,  , ,126.0
, ,2025-07-22,Mumbai (BOM),Colombo (CMB),A20N (VT-IIQ),02:03:00,06:10:00,07:07:00,08:45:00,,Landed 9:10 AM,  , ,123.0
, ,2025-07-21,Mumbai (BOM),Colombo (CMB),A20N (VT-IQI),02:02:00,06:10:00,07:14:00,08:45:00,,Landed 9:16 AM,  , ,122.0
, ,2025-07-20,Mumbai (BOM),Colombo (CMB),A20N (VT-ITZ),02:04:00,06:10:00,06:52:00,08:45:00,,Landed 8:55 AM,  , ,124.0
, ,2025-07-19,Mumbai (BOM),Colombo (CMB),A20N (VT-IJY),02:20:00,06:10:00,06:28:00,08:45:00,,Landed 8:48 AM,  , ,140.0
,,,,,,,,,,,,,,
7.0,6E5349,,,,,,,,,,,,,
, ,2025-07-25,Mumbai (BOM),Nagpur (NAG),A21N (VT-ICZ),—,06:10:00,06:26:00,07:45:00,,Unknown,  , ,
, ,2025-07-24,Mumbai (BOM),Nagpur (NAG),A21N (VT-ILC),01:04:00,06:10:00,06:13:00,07:45:00,,Landed 7:17 AM,  , ,64.0
, ,2025-07-23,Mumbai (BOM),Nagpur (NAG),A21N (VT-ILC),01:04:00,06:10:00,06:25:00,07:45:00,,Landed 7:29 AM,  , ,64.0
, ,2025-07-22,Mumbai (BOM),Nagpur (NAG),A21N (VT-ILC),01:05:00,06:10:00,06:17:00,07:45:00,,Landed 7:22 AM,  , ,65.0
, ,2025-07-21,Mumbai (BOM),Nagpur (NAG),A21N (VT-ICZ),01:09:00,06:10:00,06:30:00,07:45:00,,Landed 7:40 AM,  , ,69.0
, ,2025-07-20,Mumbai (BOM),Nagpur (NAG),A21N (VT-ICZ),01:06:00,06:10:00,06:09:00,07:45:00,,Landed 7:15 AM,  , ,66.0
, ,2025-07-19,Mumbai (BOM),Nagpur (NAG),A21N (VT-ICZ),01:05:00,06:10:00,06:19:00,07:45:00,,Landed 7:24 AM,  , ,65.0
,,,,,,,,,,,,,,
8.0,QO342,,,,,,,,,,,,,
, ,2025-07-25,Mumbai (BOM),Delhi (DEL),B738 (VT-AAZ),01:41:00,06:15:00,06:27:00,08:25:00,,Landed 8:09 AM,  , ,101.0
, ,2025-07-24,Mumbai (BOM),Delhi (DEL),B738 (VT-AAZ),01:46:00,06:15:00,06:22:00,08:25:00,,Landed 8:08 AM,  , ,106.0
, ,2025-07-23,Mumbai (BOM),Delhi (DEL),B738 (VT-AAZ),01:49:00,06:15:00,06:37:00,08:25:00,,Landed 8:26 AM,  , ,109.0
, ,2025-07-22,Mumbai (BOM),Delhi (DEL),B738 (VT-AAZ),01:39:00,06:15:00,06:11:00,08:25:00,,Landed 7:49 AM,  , ,99.0
, ,2025-07-21,Mumbai (BOM),Delhi (DEL),B738 (VT-BAZ),01:38:00,06:15:00,06:13:00,08:25:00,,Landed 7:52 AM,  , ,98.0
, ,2025-07-20,Mumbai (BOM),Delhi (DEL),B738 (VT-BAZ),01:40:00,06:15:00,05:59:00,08:25:00,,Landed 7:39 AM,  , ,100.0
, ,2025-07-19,Mumbai (BOM),Delhi (DEL),B738 (VT-BAZ),01:39:00,06:15:00,06:18:00,08:25:00,,Landed 7:57 AM,  , ,99.0
,,,,,,,,,,,,,,
9.0,6E6794,,,,,,,,,,,,,
, ,2025-07-25,Mumbai (BOM),Udaipur (UDR),A21N (VT-IMZ),01:03:00,06:15:00,06:31:00,07:40:00,,Landed 7:34 AM,  , ,63.0
, ,2025-07-24,Mumbai (BOM),Udaipur (UDR),A21N (VT-IBW),01:07:00,06:15:00,06:24:00,07:40:00,,Landed 7:32 AM,  , ,67.0
, ,2025-07-23,Mumbai (BOM),Udaipur (UDR),A21N (VT-ICG),01:02:00,06:15:00,06:33:00,07:40:00,,Landed 7:35 AM,  , ,62.0
, ,2025-07-22,Mumbai (BOM),Udaipur (UDR),A21N (VT-ICO),01:00:00,06:15:00,06:22:00,07:40:00,,Landed 7:22 AM,  , ,60.0
, ,2025-07-21,Mumbai (BOM),Udaipur (UDR),A21N (VT-IBO),01:05:00,06:15:00,06:31:00,07:40:00,,Landed 7:36 AM,  , ,65.0
, ,2025-07-20,Mumbai (BOM),Udaipur (UDR),A21N (VT-IBY),01:05:00,06:15:00,06:21:00,07:40:00,,Landed 7:26 AM,  , ,65.0
, ,2025-07-19,Mumbai (BOM),Udaipur (UDR),A21N (VT-ILQ),01:03:00,06:15:00,06:24:00,07:40:00,,Landed 7:27 AM,  , ,63.0
,,,,,,,,,,,,,,
10.0,6E446,,,,,,,,,,,,,
, ,2025-07-25,Mumbai (BOM),Ahmedabad (AMD),A20N (VT-IIU),00:47:00,06:20:00,06:36:00,07:40:00,,Landed 7:23 AM,  , ,47.0
, ,2025-07-24,Mumbai (BOM),Ahmedabad (AMD),A20N (VT-ISM),00:55:00,06:20:00,06:19:00,07:40:00,,Landed 7:15 AM,  , ,55.0
, ,2025-07-23,Mumbai (BOM),Ahmedabad (AMD),A20N (VT-IIE),00:48:00,06:20:00,06:35:00,07:40:00,,Landed 7:23 AM,  , ,48.0
, ,2025-07-22,Mumbai (BOM),Ahmedabad (AMD),A20N (VT-IJX),00:50:00,06:20:00,06:33:00,07:40:00,,Landed 7:23 AM,  , ,50.0
, ,2025-07-21,Mumbai (BOM),Ahmedabad (AMD),A20N (VT-IXN),00:50:00,06:20:00,06:50:00,07:40:00,,Landed 7:40 AM,  , ,50.0
, ,2025-07-20,Mumbai (BOM),Ahmedabad (AMD),A20N (VT-IZD),00:49:00,06:20:00,06:27:00,07:40:00,,Landed 7:16 AM,  , ,49.0
, ,2025-07-19,Mumbai (BOM),Ahmedabad (AMD),A320 (VT-IFV),00:49:00,06:20:00,06:31:00,07:40:00,,Landed 7:20 AM,  , ,49.0
,,,,,,,,,,,,,,
11.0,6E5223,,,,,,,,,,,,,
, ,2025-07-25,Mumbai (BOM),Raipur (RPR),A21N (VT-IBU),01:32:00,06:20:00,06:29:00,08:15:00,,Landed 8:01 AM,  , ,92.0
, ,2025-07-24,Mumbai (BOM),Raipur (RPR),A21N (VT-IUO),01:33:00,06:20:00,06:33:00,08:15:00,,Landed 8:06 AM,  , ,93.0
, ,2025-07-23,Mumbai (BOM),Raipur (RPR),A21N (VT-IRY),01:31:00,06:20:00,06:40:00,08:15:00,,Landed 8:11 AM,  , ,91.0
, ,2025-07-22,Mumbai (BOM),Raipur (RPR),A21N (VT-IRZ),01:28:00,06:20:00,06:27:00,08:15:00,,Landed 7:55 AM,  , ,88.0
, ,2025-07-21,Mumbai (BOM),Raipur (RPR),A21N (VT-ICO),01:41:00,06:20:00,06:46:00,08:15:00,,Landed 8:26 AM,  , ,101.0
, ,2025-07-20,Mumbai (BOM),Raipur (RPR),A21N (VT-ICK),01:33:00,06:20:00,06:14:00,08:15:00,,Landed 7:47 AM,  , ,93.0
, ,2025-07-19,Mumbai (BOM),Raipur (RPR),A21N (VT-ICY),01:30:00,06:20:00,06:29:00,08:15:00,,Landed 8:00 AM,  , ,90.0
,,,,,,,,,,,,,,
12.0,OV760,,,,,,,,,,,,,
, ,2025-07-25,Mumbai (BOM),Muscat (MCT),A20N (A4O-OVG),02:03:00,06:25:00,06:33:00,07:25:00,,Landed 7:05 AM,  , ,123.0
, ,2025-07-23,Mumbai (BOM),Muscat (MCT),A20N (A4O-OVG),01:56:00,06:25:00,06:47:00,07:25:00,,Landed 7:13 AM,  , ,116.0
, ,2025-07-22,Mumbai (BOM),Muscat (MCT),A20N (A4O-OVI),02:01:00,06:25:00,06:45:00,07:25:00,,Landed 7:15 AM,  , ,121.0
, ,2025-07-21,Mumbai (BOM),Muscat (MCT),A20N (A4O-OVG),01:56:00,06:25:00,06:48:00,07:25:00,,Landed 7:14 AM,  , ,116.0
, ,2025-07-20,Mumbai (BOM),Muscat (MCT),A20N (A4O-OVG),02:00:00,07:35:00,08:00:00,08:35:00,,Landed 8:30 AM,  , ,120.0
, ,2025-07-19,Mumbai (BOM),Muscat (MCT),A20N (A4O-OVI),02:00:00,06:25:00,06:55:00,07:25:00,,Landed 7:25 AM,  , ,120.0
,,,,,,,,,,,,,,
13.0,6E5188,,,,,,,,,,,,,
, ,2025-07-25,Mumbai (BOM),Chennai (MAA),A21N (VT-ICW),01:34:00,06:25:00,06:32:00,08:30:00,,Landed 8:07 AM,  , ,94.0
, ,2025-07-24,Mumbai (BOM),Chennai (MAA),A21N (VT-ILO),01:33:00,06:25:00,06:37:00,08:30:00,,Landed 8:09 AM,  , ,93.0
, ,2025-07-23,Mumbai (BOM),Chennai (MAA),A21N (VT-IML),01:38:00,06:25:00,06:44:00,08:30:00,,Landed 8:22 AM,  , ,98.0
, ,2025-07-22,Mumbai (BOM),Chennai (MAA),A21N (VT-ILG),01:31:00,06:25:00,06:32:00,08:30:00,,Landed 8:03 AM,  , ,91.0
, ,2025-07-21,Mumbai (BOM),Chennai (MAA),A21N (VT-IUO),01:34:00,06:25:00,06:43:00,08:30:00,,Landed 8:17 AM,  , ,94.0
, ,2025-07-20,Mumbai (BOM),Chennai (MAA),A21N (VT-ICG),01:34:00,06:25:00,06:25:00,08:30:00,,Landed 7:58 AM,  , ,94.0
, ,2025-07-19,Mumbai (BOM),Chennai (MAA),A21N (VT-ICG),01:40:00,06:25:00,06:21:00,08:30:00,,Landed 8:02 AM,  , ,100.0
,,,,,,,,,,,,,,
14.0,GF57,,,,,,,,,,,,,
, ,2025-07-25,Mumbai (BOM),Bahrain (BAH),A21N (A9C-XD),03:02:00,06:30:00,07:07:00,07:30:00,,Landed 7:39 AM,  , ,182.0
, ,2025-07-24,Mumbai (BOM),Bahrain (BAH),A21N (A9C-ND),02:55:00,06:30:00,06:25:00,07:30:00,,Landed 6:50 AM,  , ,175.0
, ,2025-07-23,Mumbai (BOM),Bahrain (BAH),A321 (A9C-CC),02:53:00,06:30:00,06:49:00,07:30:00,,Landed 7:12 AM,  , ,173.0
, ,2025-07-22,Mumbai (BOM),Bahrain (BAH),A21N (A9C-XD),02:56:00,06:30:00,06:36:00,07:30:00,,Landed 7:02 AM,  , ,176.0
, ,2025-07-21,Mumbai (BOM),Bahrain (BAH),A21N (A9C-XD),02:53:00,06:30:00,09:29:00,07:30:00,,Landed 9:52 AM,  , ,173.0
, ,2025-07-20,Mumbai (BOM),Bahrain (BAH),A21N (A9C-NA),02:59:00,06:30:00,06:24:00,07:30:00,,Landed 6:53 AM,  , ,179.0
, ,2025-07-19,Mumbai (BOM),Bahrain (BAH),A21N (A9C-NB),02:55:00,06:30:00,06:34:00,07:30:00,,Landed 6:59 AM,  , ,175.0
,,,,,,,,,,,,,,
15.0,AI2603,,,,,,,,,,,,,
, ,2025-07-25,Mumbai (BOM),Bengaluru (BLR),A20N (VT-RTX),01:17:00,06:35:00,06:39:00,08:30:00,,Landed 7:56 AM,  , ,77.0
, ,2025-07-24,Mumbai (BOM),Bengaluru (BLR),A20N (VT-RTL),01:18:00,06:35:00,06:39:00,08:30:00,,Landed 7:58 AM,  , ,78.0
, ,2025-07-23,Mumbai (BOM),Bengaluru (BLR),A20N (VT-RTN),01:23:00,06:35:00,06:45:00,08:30:00,,Landed 8:08 AM,  , ,83.0
, ,2025-07-22,Mumbai (BOM),Bengaluru (BLR),A20N (VT-RTN),01:20:00,06:35:00,07:15:00,08:30:00,,Landed 8:35 AM,  , ,80.0
, ,2025-07-21,Mumbai (BOM),Bengaluru (BLR),A20N (VT-RTK),01:17:00,06:35:00,06:49:00,08:30:00,,Landed 8:06 AM,  , ,77.0
, ,2025-07-20,Mumbai (BOM),Bengaluru (BLR),A20N (VT-RTN),01:21:00,06:35:00,06:33:00,08:30:00,,Landed 7:55 AM,  , ,81.0
, ,2025-07-19,Mumbai (BOM),Bengaluru (BLR),A20N (VT-EXQ),01:16:00,06:35:00,06:37:00,08:30:00,,Landed 7:54 AM,  , ,76.0
,,,,,,,,,,,,,,
16.0,6E1601,,,,,,,,,,,,,
, ,2025-07-25,Mumbai (BOM),Jakarta (CGK),A20N (VT-IXH),06:05:00,06:35:00,07:05:00,14:50:00,,Landed 2:40 PM,  , ,365.0
, ,2025-07-24,Mumbai (BOM),Jakarta (CGK),A20N (VT-IXM),06:14:00,06:35:00,07:07:00,14:50:00,,Landed 2:51 PM,  , ,374.0
, ,2025-07-23,Mumbai (BOM),Jakarta (CGK),A20N (VT-IXG),06:08:00,06:35:00,07:19:00,14:50:00,,Landed 2:57 PM,  , ,368.0
, ,2025-07-22,Mumbai (BOM),Jakarta (CGK),A20N (VT-IXM),05:55:00,06:35:00,07:11:00,14:50:00,,Landed 2:36 PM,  , ,355.0
, ,2025-07-21,Mumbai (BOM),Jakarta (CGK),A20N (VT-IIX),06:11:00,06:35:00,07:11:00,14:50:00,,Landed 2:51 PM,  , ,371.0
, ,2025-07-20,Mumbai (BOM),Jakarta (CGK),A20N (VT-IIU),06:01:00,06:35:00,06:57:00,14:50:00,,Landed 2:29 PM,  , ,361.0
, ,2025-07-19,Mumbai (BOM),Jakarta (CGK),A20N (VT-IXF),06:11:00,06:35:00,07:20:00,14:50:00,,Landed 3:01 PM,  , ,371.0
,,,,,,,,,,,,,,
17.0,AI2428,,,,,,,,,,,,,
, ,2025-07-25,Mumbai (BOM),Delhi (DEL),A20N (VT-TQN),01:50:00,06:40:00,06:50:00,08:45:00,,Landed 8:40 AM,  , ,110.0
, ,2025-07-24,Mumbai (BOM),Delhi (DEL),A20N (VT-TQK),01:51:00,06:40:00,06:53:00,08:45:00,,Landed 8:44 AM,  , ,111.0
, ,2025-07-23,Mumbai (BOM),Delhi (DEL),A20N (VT-TNE),01:48:00,06:40:00,06:53:00,08:45:00,,Landed 8:41 AM,  , ,108.0
, ,2025-07-22,Mumbai (BOM),Delhi (DEL),A20N (VT-TNJ),01:43:00,06:40:00,07:00:00,08:45:00,,Landed 8:43 AM,  , ,103.0
, ,2025-07-21,Mumbai (BOM),Delhi (DEL),A20N (VT-TNJ),01:47:00,06:40:00,06:53:00,08:45:00,,Landed 8:40 AM,  , ,107.0
, ,2025-07-20,Mumbai (BOM),Delhi (DEL),B788 (VT-ANH),01:38:00,06:40:00,07:48:00,08:45:00,,Landed 9:26 AM,  , ,98.0
, ,2025-07-19,Mumbai (BOM),Delhi (DEL),A20N (VT-TNI),01:44:00,06:40:00,06:52:00,08:45:00,,Landed 8:36 AM,  , ,104.0
,,,,,,,,,,,,,,
18.0, TK721,,,,,,,,,,,,,
, ,2025-07-25,Mumbai (BOM),Istanbul (IST),A333 (TC-JOF),06:16:00,06:40:00,07:10:00,10:55:00,,Landed 10:56 AM,  , ,376.0
, ,2025-07-24,Mumbai (BOM),Istanbul (IST),A333 (TC-LOF),06:11:00,06:40:00,07:48:00,10:55:00,,Landed 11:29 AM,  , ,371.0
, ,2025-07-23,Mumbai (BOM),Istanbul (IST),A333 (TC-JNS),06:02:00,06:40:00,07:05:00,10:55:00,,Landed 10:37 AM,  , ,362.0
, ,2025-07-22,Mumbai (BOM),Istanbul (IST),A333 (TC-LNE),06:07:00,06:40:00,07:47:00,10:55:00,,Landed 11:24 AM,  , ,367.0
, ,2025-07-21,Mumbai (BOM),Istanbul (IST),A333 (TC-LND),05:58:00,06:40:00,07:32:00,10:55:00,,Landed 11:00 AM,  , ,358.0
, ,2025-07-20,Mumbai (BOM),Istanbul (IST),A333 (TC-JOJ),06:14:00,06:40:00,07:17:00,10:55:00,,Landed 11:01 AM,  , ,374.0
, ,2025-07-19,Mumbai (BOM),Istanbul (IST),A333 (TC-JOK),06:11:00,06:40:00,07:01:00,10:55:00,,Landed 10:42 AM,  , ,371.0
,,,,,,,,,,,,,,
19.0,6E 294,,,,,,,,,,,,,
, ,2025-07-25,Mumbai (BOM),Indore (IDR),A21N (VT-IME),00:55:00,06:40:00,06:45:00,08:00:00,,Landed 7:40 AM,  , ,55.0
, ,2025-07-24,Mumbai (BOM),Indore (IDR),A21N (VT-ICL),00:54:00,06:40:00,06:58:00,08:00:00,,Landed 7:52 AM,  , ,54.0
, ,2025-07-23,Mumbai (BOM),Indore (IDR),A21N (VT-ICZ),00:55:00,07:00:00,07:01:00,08:00:00,,Landed 7:56 AM,  , ,55.0
, ,2025-07-22,Mumbai (BOM),Indore (IDR),A21N (VT-IRW),00:56:00,06:40:00,06:52:00,08:00:00,,Landed 7:48 AM,  , ,56.0
, ,2025-07-21,Mumbai (BOM),Indore (IDR),A21N (VT-IRZ),00:54:00,06:40:00,06:54:00,08:00:00,,Landed 7:48 AM,  , ,54.0
, ,2025-07-20,Mumbai (BOM),Indore (IDR),A21N (VT-IMI),00:54:00,06:40:00,06:34:00,08:00:00,,Landed 7:28 AM,  , ,54.0
, ,2025-07-19,Mumbai (BOM),Indore (IDR),A21N (VT-IBO),00:55:00,06:40:00,06:51:00,08:00:00,,Landed 7:47 AM,  , ,55.0
,,,,,,,,,,,,,,
20.0,AI2771,,,,,,,,,,,,,
, ,2025-07-25,Mumbai (BOM),Kolkata (CCU),A20N (VT-TQM),02:27:00,06:45:00,06:55:00,09:30:00,,Landed 9:22 AM,  , ,147.0
, ,2025-07-24,Mumbai (BOM),Kolkata (CCU),A20N (VT-TQP),02:29:00,06:45:00,07:02:00,09:30:00,,Landed 9:31 AM,  , ,149.0
, ,2025-07-23,Mumbai (BOM),Kolkata (CCU),A20N (VT-TNK),02:30:00,06:45:00,07:00:00,09:30:00,,Landed 9:30 AM,  , ,150.0
, ,2025-07-22,Mumbai (BOM),Kolkata (CCU),A20N (VT-TQV),02:39:00,06:45:00,06:53:00,09:30:00,,Landed 9:32 AM,  , ,159.0
, ,2025-07-21,Mumbai (BOM),Kolkata (CCU),A20N (VT-TNQ),02:30:00,06:45:00,06:57:00,09:30:00,,Landed 9:27 AM,  , ,150.0
, ,2025-07-20,Mumbai (BOM),Kolkata (CCU),A20N (VT-TQS),02:30:00,06:45:00,06:50:00,09:30:00,,Landed 9:21 AM,  , ,150.0
, ,2025-07-19,Mumbai (BOM),Kolkata (CCU),A20N (VT-TQW),02:25:00,06:45:00,06:56:00,09:30:00,,Landed 9:22 AM,  , ,145.0
,,,,,,,,,,,,,,
21.0,IX1069,,,,,,,,,,,,,
, ,2025-07-25,Mumbai (BOM),Jaipur (JAI),B38M (VT-BXH),01:27:00,06:45:00,06:46:00,08:40:00,,Landed 8:14 AM,  , ,87.0
, ,2025-07-24,Mumbai (BOM),Jaipur (JAI),B38M (VT-BXH),01:30:00,06:45:00,07:09:00,08:40:00,,Landed 8:39 AM,  , ,90.0
, ,2025-07-23,Mumbai (BOM),Jaipur (JAI),B38M (VT-BXH),01:29:00,06:45:00,06:56:00,08:40:00,,Landed 8:25 AM,  , ,89.0
, ,2025-07-22,Mumbai (BOM),Jaipur (JAI),B38M (VT-BXH),01:26:00,06:45:00,06:57:00,08:40:00,,Landed 8:23 AM,  , ,86.0
, ,2025-07-21,Mumbai (BOM),Jaipur (JAI),B38M (VT-BXH),01:26:00,06:45:00,07:42:00,08:40:00,,Landed 9:08 AM,  , ,86.0
, ,2025-07-20,Mumbai (BOM),Jaipur (JAI),B38M (VT-BXH),01:23:00,06:45:00,06:53:00,08:40:00,,Landed 8:16 AM,  , ,83.0
, ,2025-07-19,Mumbai (BOM),Jaipur (JAI),B38M (VT-BXH),01:30:00,06:45:00,07:05:00,08:40:00,,Landed 8:36 AM,  , ,90.0
,,,,,,,,,,,,,,
22.0,AI2821,,,,,,,,,,,,,
, ,2025-07-25,Mumbai (BOM),Chennai (MAA),A20N (VT-EXT),01:46:00,06:50:00,07:04:00,08:55:00,,Landed 8:50 AM,  , ,106.0
, ,2025-07-24,Mumbai (BOM),Chennai (MAA),A20N (VT-RTS),01:43:00,06:50:00,07:05:00,08:55:00,,Landed 8:47 AM,  , ,103.0
, ,2025-07-23,Mumbai (BOM),Chennai (MAA),A20N (VT-RTL),01:45:00,06:50:00,07:13:00,08:55:00,,Landed 8:59 AM,  , ,105.0
, ,2025-07-22,Mumbai (BOM),Chennai (MAA),A20N (VT-EXU),01:38:00,06:50:00,06:59:00,08:55:00,,Landed 8:37 AM,  , ,98.0
, ,2025-07-21,Mumbai (BOM),Chennai (MAA),A20N (VT-EXV),01:43:00,06:50:00,07:09:00,08:55:00,,Landed 8:52 AM,  , ,103.0
, ,2025-07-20,Mumbai (BOM),Chennai (MAA),A20N (VT-RTU),01:41:00,06:50:00,06:58:00,08:55:00,,Landed 8:39 AM,  , ,101.0
, ,2025-07-19,Mumbai (BOM),Chennai (MAA),A20N (VT-RTU),01:40:00,06:50:00,07:12:00,08:55:00,,Landed 8:52 AM,  , ,100.0
,,,,,,,,,,,,,,
23.0,AI601,,,,,,,,,,,,,
, ,2025-07-25,Mumbai (BOM),Bhuj (BHJ),A20N (VT-TYC),00:58:00,06:50:00,06:59:00,08:05:00,,Landed 7:57 AM,  , ,58.0
, ,2025-07-24,Mumbai (BOM),Bhuj (BHJ),A21N (VT-TVH),00:58:00,06:50:00,06:57:00,08:05:00,,Landed 7:55 AM,  , ,58.0
, ,2025-07-23,Mumbai (BOM),Bhuj (BHJ),A321 (VT-PPM),00:59:00,06:50:00,07:03:00,08:05:00,,Landed 8:01 AM,  , ,59.0
, ,2025-07-22,Mumbai (BOM),Bhuj (BHJ),A321 (VT-PPO),01:03:00,06:50:00,07:01:00,08:05:00,,Landed 8:04 AM,  , ,63.0
, ,2025-07-21,Mumbai (BOM),Bhuj (BHJ),A20N (VT-CIG),01:02:00,06:50:00,07:05:00,08:05:00,,Landed 8:07 AM,  , ,62.0
, ,2025-07-20,Mumbai (BOM),Bhuj (BHJ),A20N (VT-EXL),01:00:00,06:50:00,07:01:00,08:05:00,,Landed 8:02 AM,  , ,60.0
, ,2025-07-19,Mumbai (BOM),Bhuj (BHJ),A20N (VT-RTK),01:01:00,06:50:00,06:59:00,08:05:00,,Landed 8:00 AM,  , ,61.0
,,,,,,,,,,,,,,
24.0,SG115,,,,,,,,,,,,,
, ,2025-07-25,Mumbai (BOM),Darbhanga (DBR),B739 (VT-SLC),02:36:00,06:50:00,09:56:00,09:15:00,,Landed 12:32 PM,  , ,156.0
, ,2025-07-24,Mumbai (BOM),Darbhanga (DBR),B738 (VT-SLF),02:13:00,06:50:00,07:06:00,09:15:00,,Landed 9:19 AM,  , ,133.0
, ,2025-07-22,Mumbai (BOM),Darbhanga (DBR),B738 (VT-SLG),02:21:00,06:50:00,07:04:00,09:15:00,,Landed 9:25 AM,  , ,141.0
, ,2025-07-21,Mumbai (BOM),Darbhanga (DBR),B738 (VT-SLG),02:16:00,06:50:00,07:00:00,09:15:00,,Landed 9:15 AM,  , ,136.0
, ,2025-07-20,Mumbai (BOM),Darbhanga (DBR),B738 (VT-SLF),02:13:00,06:50:00,07:13:00,09:15:00,,Landed 9:26 AM,  , ,133.0
, ,2025-07-19,Mumbai (BOM),Darbhanga (DBR),B738 (VT-SLF),02:12:00,06:50:00,10:13:00,09:15:00,,Landed 12:25 PM,  , ,132.0
,,,,,,,,,,,,,,
25.0,6E 301,,,,,,,,,,,,,
, ,2025-07-25,Mumbai (BOM),Delhi (DEL),A21N (VT-IWQ),01:43:00,07:00:00,07:02:00,09:10:00,,Landed 8:45 AM,  , ,103.0
, ,2025-07-24,Mumbai (BOM),Delhi (DEL),A21N (VT-NCO),01:49:00,07:00:00,07:03:00,09:10:00,,Landed 8:52 AM,  , ,109.0
, ,2025-07-23,Mumbai (BOM),Delhi (DEL),A21N (VT-NCR),01:48:00,07:05:00,07:16:00,09:10:00,,Landed 9:04 AM,  , ,108.0
, ,2025-07-22,Mumbai (BOM),Delhi (DEL),A21N (VT-NCN),01:40:00,07:00:00,07:08:00,09:10:00,,Landed 8:48 AM,  , ,100.0
, ,2025-07-21,Mumbai (BOM),Delhi (DEL),A21N (VT-NCM),01:42:00,07:00:00,07:19:00,09:10:00,,Landed 9:00 AM,  , ,102.0
, ,2025-07-20,Mumbai (BOM),Delhi (DEL),A21N (VT-NCN),01:47:00,07:00:00,07:11:00,09:10:00,,Landed 8:58 AM,  , ,107.0
, ,2025-07-19,Mumbai (BOM),Delhi (DEL),A21N (VT-IWT),01:49:00,07:00:00,07:13:00,09:10:00,,Landed 9:02 AM,  , ,109.0
,,,,,,,,,,,,,,
26.0,AI2873,,,,,,,,,,,,,
, ,2025-07-25,Mumbai (BOM),Hyderabad (HYD),A20N (VT-TNX),01:07:00,07:00:00,07:03:00,08:40:00,,Landed 8:10 AM,  , ,67.0
, ,2025-07-24,Mumbai (BOM),Hyderabad (HYD),A20N (VT-TNP),01:05:00,07:00:00,07:19:00,08:40:00,,Landed 8:24 AM,  , ,65.0
, ,2025-07-23,Mumbai (BOM),Hyderabad (HYD),A20N (VT-ATV),01:08:00,07:00:00,07:11:00,08:40:00,,Landed 8:19 AM,  , ,68.0
, ,2025-07-22,Mumbai (BOM),Hyderabad (HYD),A20N (VT-TQA),01:07:00,07:00:00,07:13:00,08:40:00,,Landed 8:20 AM,  , ,67.0
, ,2025-07-21,Mumbai (BOM),Hyderabad (HYD),A20N (VT-TNP),01:03:00,07:00:00,07:02:00,08:40:00,,Landed 8:06 AM,  , ,63.0
, ,2025-07-20,Mumbai (BOM),Hyderabad (HYD),A20N (VT-TNJ),01:05:00,07:00:00,07:07:00,08:40:00,,Landed 8:11 AM,  , ,65.0
, ,2025-07-19,Mumbai (BOM),Hyderabad (HYD),A20N (VT-RTT),01:05:00,07:00:00,07:28:00,08:40:00,,Landed 8:33 AM,  , ,65.0
,,,,,,,,,,,,,,
27.0, QP1410,,,,,,,,,,,,,
, ,2025-07-25,Mumbai (BOM),Delhi (DEL),B38M (VT-YAO),01:44:00,07:05:00,07:15:00,09:20:00,,Landed 8:59 AM,  , ,104.0
, ,2025-07-24,Mumbai (BOM),Delhi (DEL),B38M (VT-YBA),01:45:00,07:05:00,08:35:00,09:20:00,,Landed 10:20 AM,  , ,105.0
, ,2025-07-23,Mumbai (BOM),Delhi (DEL),B38M (VT-YAA),01:48:00,07:05:00,07:08:00,09:20:00,,Landed 8:56 AM,  , ,108.0
, ,2025-07-22,Mumbai (BOM),Delhi (DEL),B38M (VT-YAM),01:41:00,07:05:00,07:19:00,09:20:00,,Landed 9:00 AM,  , ,101.0
, ,2025-07-21,Mumbai (BOM),Delhi (DEL),B38M (VT-YAP),01:43:00,07:05:00,07:29:00,09:20:00,,Landed 9:12 AM,  , ,103.0
, ,2025-07-20,Mumbai (BOM),Delhi (DEL),B38M (VT-YAM),01:44:00,07:05:00,07:09:00,09:20:00,,Landed 8:53 AM,  , ,104.0
, ,2025-07-19,Mumbai (BOM),Delhi (DEL),B38M (VT-YAT),01:41:00,07:05:00,07:23:00,09:20:00,,Landed 9:04 AM,  , ,101.0
,,,,,,,,,,,,,,
28.0,6E6133,,,,,,,,,,,,,
, ,2025-07-25,Mumbai (BOM),Rajkot (HSR),A21N (VT-IMM),00:47:00,07:05:00,07:16:00,08:15:00,,Landed 8:03 AM,  , ,47.0
, ,2025-07-24,Mumbai (BOM),Rajkot (HSR),A21N (VT-IMM),00:48:00,07:05:00,07:33:00,08:15:00,,Landed 8:21 AM,  , ,48.0
, ,2025-07-23,Mumbai (BOM),Rajkot (HSR),A21N (VT-IMM),00:45:00,07:15:00,07:17:00,08:15:00,,Landed 8:03 AM,  , ,45.0
, ,2025-07-22,Mumbai (BOM),Rajkot (HSR),A21N (VT-IMM),00:46:00,07:05:00,07:06:00,08:15:00,,Landed 7:51 AM,  , ,46.0
, ,2025-07-21,Mumbai (BOM),Rajkot (HSR),A21N (VT-IRV),00:48:00,07:05:00,07:08:00,08:15:00,,Landed 7:56 AM,  , ,48.0
, ,2025-07-20,Mumbai (BOM),Rajkot (HSR),A21N (VT-IRV),00:47:00,07:05:00,06:59:00,08:15:00,,Landed 7:46 AM,  , ,47.0
, ,2025-07-19,Mumbai (BOM),Rajkot (HSR),A21N (VT-IMI),00:44:00,07:05:00,07:08:00,08:15:00,,Landed 7:52 AM,  , ,44.0
,,,,,,,,,,,,,,
,,,,,,,,,,,,,,
29.0,6E5246,,,,,,,,,,,,,
, ,2025-07-25,Mumbai (BOM),Hyderabad (HYD),A21N (VT-ICQ),01:06:00,07:20:00,07:20:00,08:50:00,,Landed 8:26 AM,  , ,66.0
, ,2025-07-24,Mumbai (BOM),Hyderabad (HYD),A21N (VT-IMB),01:08:00,07:20:00,07:31:00,08:50:00,,Landed 8:40 AM,  , ,68.0
, ,2025-07-23,Mumbai (BOM),Hyderabad (HYD),A21N (VT-ILD),01:13:00,07:20:00,07:20:00,08:50:00,,Landed 8:33 AM,  , ,73.0
, ,2025-07-22,Mumbai (BOM),Hyderabad (HYD),A21N (VT-IRY),01:06:00,07:20:00,07:20:00,08:50:00,,Landed 8:26 AM,  , ,66.0
, ,2025-07-21,Mumbai (BOM),Hyderabad (HYD),A21N (VT-IBY),01:05:00,07:20:00,07:20:00,08:50:00,,Landed 8:24 AM,  , ,65.0
, ,2025-07-20,Mumbai (BOM),Hyderabad (HYD),A21N (VT-ILH),01:06:00,07:20:00,07:28:00,08:50:00,,Landed 8:34 AM,  , ,66.0
, ,2025-07-19,Mumbai (BOM),Hyderabad (HYD),A21N (VT-IML),01:08:00,07:20:00,07:29:00,08:50:00,,Landed 8:38 AM,  , ,68.0
,,,,,,,,,,,,,,
30.0, AI623,,,,,,,,,,,,,
, ,2025-07-25,Mumbai (BOM),Cochin (COK),A20N (VT-EXN),01:38:00,07:25:00,07:38:00,09:30:00,,Landed 9:16 AM,  , ,98.0
, ,2025-07-24,Mumbai (BOM),Cochin (COK),A20N (VT-EXP),01:35:00,07:25:00,07:44:00,09:30:00,,Landed 9:19 AM,  , ,95.0
, ,2025-07-23,Mumbai (BOM),Cochin (COK),A20N (VT-TNJ),01:52:00,07:25:00,07:34:00,09:30:00,,Landed 9:26 AM,  , ,112.0
, ,2025-07-22,Mumbai (BOM),Cochin (COK),A20N (VT-EXN),01:35:00,07:25:00,07:44:00,09:30:00,,Landed 9:20 AM,  , ,95.0
, ,2025-07-21,Mumbai (BOM),Cochin (COK),A20N (VT-EXN),01:43:00,07:25:00,07:43:00,09:30:00,,Landed 9:26 AM,  , ,103.0
, ,2025-07-20,Mumbai (BOM),Cochin (COK),A20N (VT-TNQ),01:33:00,07:25:00,07:39:00,09:30:00,,Landed 9:12 AM,  , ,93.0
, ,2025-07-19,Mumbai (BOM),Cochin (COK),A20N (VT-EXN),01:32:00,07:25:00,07:44:00,09:30:00,,Landed 9:16 AM,  , ,92.0
,,,,,,,,,,,,,,
31.0, AI2183,,,,,,,,,,,,,
, ,2025-07-25,Mumbai (BOM),Dhaka (DAC),A20N (VT-TNV),02:41:00,07:25:00,07:40:00,10:45:00,,Landed 10:50 AM,  , ,161.0
, ,2025-07-24,Mumbai (BOM),Dhaka (DAC),A20N (VT-TQB),02:36:00,07:25:00,07:42:00,10:45:00,,Landed 10:48 AM,  , ,156.0
, ,2025-07-23,Mumbai (BOM),Dhaka (DAC),A20N (VT-TNR),02:50:00,07:25:00,07:38:00,10:45:00,,Landed 10:57 AM,  , ,170.0
, ,2025-07-22,Mumbai (BOM),Dhaka (DAC),A20N (VT-TNV),02:46:00,07:25:00,08:06:00,10:45:00,,Landed 11:23 AM,  , ,166.0
, ,2025-07-21,Mumbai (BOM),Dhaka (DAC),A20N (VT-TNR),02:52:00,07:25:00,08:23:00,10:45:00,,Landed 11:45 AM,  , ,172.0
, ,2025-07-20,Mumbai (BOM),Dhaka (DAC),A20N (VT-TQJ),02:39:00,07:25:00,07:53:00,10:45:00,,Landed 11:02 AM,  , ,159.0
, ,2025-07-19,Mumbai (BOM),Dhaka (DAC),A20N (VT-TNU),02:41:00,07:25:00,07:43:00,10:45:00,,Landed 10:54 AM,  , ,161.0
,,,,,,,,,,,,,,
32.0, 6E5172,,,,,,,,,,,,,
, ,2025-07-25,Mumbai (BOM),Bhopal (BHO),A20N (VT-ISJ),01:10:00,07:25:00,07:30:00,09:00:00,,Landed 8:40 AM,  , ,70.0
, ,2025-07-24,Mumbai (BOM),Bhopal (BHO),A21N (VT-ICG),01:06:00,07:25:00,07:22:00,09:00:00,,Landed 8:28 AM,  , ,66.0
, ,2025-07-23,Mumbai (BOM),Bhopal (BHO),A20N (VT-IQG),01:07:00,07:25:00,07:23:00,09:00:00,,Landed 8:30 AM,  , ,67.0
, ,2025-07-22,Mumbai (BOM),Bhopal (BHO),A20N (VT-IIH),01:06:00,07:25:00,07:23:00,09:00:00,,Landed 8:30 AM,  , ,66.0
, ,2025-07-21,Mumbai (BOM),Bhopal (BHO),A20N (VT-IIS),01:06:00,07:25:00,07:27:00,09:00:00,,Landed 8:33 AM,  , ,66.0
, ,2025-07-20,Mumbai (BOM),Bhopal (BHO),A20N (VT-IVY),01:05:00,07:25:00,07:31:00,09:00:00,,Landed 8:36 AM,  , ,65.0
, ,2025-07-19,Mumbai (BOM),Bhopal (BHO),A20N (VT-IVY),01:04:00,07:25:00,07:37:00,09:00:00,,Landed 8:41 AM,  , ,64.0
,,,,,,,,,,,,,,
,,,,,,,,,,,,,,
,,,,,,,,,,,,,,
33.0,6E5284,,,,,,,,,,,,,
, ,2025-07-24,Mumbai (BOM),Goa (GOX),A20N (VT-IIH),00:42:00,07:25:00,07:25:00,08:35:00,,Landed 8:08 AM,  , ,42.0
, ,2025-07-23,Mumbai (BOM),Goa (GOX),A20N (VT-IQF),00:45:00,07:25:00,07:30:00,08:35:00,,Landed 8:15 AM,  , ,45.0
, ,2025-07-22,Mumbai (BOM),Goa (GOX),A20N (VT-IIW),00:50:00,07:25:00,07:27:00,08:35:00,,Landed 8:17 AM,  , ,50.0
, ,2025-07-21,Mumbai (BOM),Goa (GOX),A20N (VT-IPD),00:50:00,07:25:00,07:41:00,08:35:00,,Landed 8:31 AM,  , ,50.0
, ,2025-07-20,Mumbai (BOM),Goa (GOX),A20N (VT-IIX),00:46:00,07:25:00,07:22:00,08:35:00,,Landed 8:08 AM,  , ,46.0
, ,2025-07-19,Mumbai (BOM),Goa (GOX),A20N (VT-ITV),00:46:00,07:25:00,07:35:00,08:35:00,,Landed 8:21 AM,  , ,46.0
,,,,,,,,,,,,,,
34.0,6E5296,,,,,,,,,,,,,
, ,2025-07-25,Mumbai (BOM),Bengaluru (BLR),A21N (VT-NCM),01:26:00,07:30:00,07:48:00,09:30:00,,Landed 9:14 AM,  , ,86.0
, ,2025-07-24,Mumbai (BOM),Bengaluru (BLR),A21N (VT-ICF),01:23:00,07:30:00,07:40:00,09:30:00,,Landed 9:03 AM,  , ,83.0
, ,2025-07-23,Mumbai (BOM),Bengaluru (BLR),A21N (VT-NCK),01:24:00,07:30:00,07:35:00,09:30:00,,Landed 9:00 AM,  , ,84.0
, ,2025-07-22,Mumbai (BOM),Bengaluru (BLR),A21N (VT-NCK),01:18:00,07:30:00,07:40:00,09:30:00,,Landed 8:59 AM,  , ,78.0
, ,2025-07-21,Mumbai (BOM),Bengaluru (BLR),A21N (VT-NCK),01:18:00,07:30:00,07:46:00,09:30:00,,Landed 9:04 AM,  , ,78.0
, ,2025-07-20,Mumbai (BOM),Bengaluru (BLR),A21N (VT-NCK),01:19:00,07:30:00,07:34:00,09:30:00,,Landed 8:52 AM,  , ,79.0
, ,2025-07-19,Mumbai (BOM),Bengaluru (BLR),A21N (VT-NCJ),01:22:00,07:30:00,07:50:00,09:30:00,,Landed 9:12 AM,  , ,82.0
,,,,,,,,,,,,,,
35.0,6E5108,,,,,,,,,,,,,
, ,2025-07-25,Mumbai (BOM),Coimbatore (CJB),A20N (VT-ISK),01:32:00,07:35:00,07:52:00,09:30:00,,Landed 9:24 AM,  , ,92.0
, ,2025-07-24,Mumbai (BOM),Coimbatore (CJB),A20N (VT-ISJ),01:28:00,07:35:00,07:47:00,09:30:00,,Landed 9:15 AM,  , ,88.0
, ,2025-07-23,Mumbai (BOM),Coimbatore (CJB),A20N (VT-IIH),01:27:00,07:35:00,07:37:00,09:30:00,,Landed 9:04 AM,  , ,87.0
, ,2025-07-22,Mumbai (BOM),Coimbatore (CJB),A20N (VT-IQG),01:27:00,07:35:00,07:33:00,09:30:00,,Landed 9:01 AM,  , ,87.0
, ,2025-07-21,Mumbai (BOM),Coimbatore (CJB),A20N (VT-IVE),01:28:00,07:35:00,07:48:00,09:30:00,,Landed 9:16 AM,  , ,88.0
, ,2025-07-20,Mumbai (BOM),Coimbatore (CJB),A20N (VT-IQK),01:30:00,07:35:00,08:04:00,09:30:00,,Landed 9:34 AM,  , ,90.0
, ,2025-07-19,Mumbai (BOM),Coimbatore (CJB),A20N (VT-IIW),01:29:00,07:35:00,07:51:00,09:30:00,,Landed 9:19 AM,  , ,89.0
,,,,,,,,,,,,,,
36.0,AI2851,,,,,,,,,,,,,
, ,2025-07-25,Mumbai (BOM),Bengaluru (BLR),A20N (VT-TNW),01:28:00,07:40:00,08:14:00,09:45:00,,Landed 9:41 AM,  , ,88.0
, ,2025-07-24,Mumbai (BOM),Bengaluru (BLR),A20N (VT-TQT),01:23:00,07:40:00,07:43:00,09:45:00,,Landed 9:06 AM,  , ,83.0
, ,2025-07-23,Mumbai (BOM),Bengaluru (BLR),A20N (VT-TNH),01:24:00,07:40:00,07:51:00,09:45:00,,Landed 9:15 AM,  , ,84.0
, ,2025-07-22,Mumbai (BOM),Bengaluru (BLR),A20N (VT-ATV),01:31:00,07:40:00,07:58:00,09:45:00,,Landed 9:28 AM,  , ,91.0
, ,2025-07-21,Mumbai (BOM),Bengaluru (BLR),A20N (VT-TQX),01:20:00,07:40:00,08:08:00,09:45:00,,Landed 9:28 AM,  , ,80.0
, ,2025-07-20,Mumbai (BOM),Bengaluru (BLR),A20N (VT-TQC),01:18:00,07:40:00,07:58:00,09:45:00,,Landed 9:15 AM,  , ,78.0
, ,2025-07-19,Mumbai (BOM),Bengaluru (BLR),A20N (VT-TNP),01:29:00,07:40:00,07:57:00,09:45:00,,Landed 9:26 AM,  , ,89.0
,,,,,,,,,,,,,,
37.0,6E6543,,,,,,,,,,,,,
, ,2025-07-25,Mumbai (BOM),Varanasi (VNS),A21N (VT-ILV),01:52:00,07:40:00,08:00:00,09:55:00,,Landed 9:52 AM,  , ,112.0
, ,2025-07-24,Mumbai (BOM),Varanasi (VNS),A21N (VT-ILZ),01:45:00,07:40:00,07:51:00,09:55:00,,Landed 9:36 AM,  , ,105.0
, ,2025-07-23,Mumbai (BOM),Varanasi (VNS),A21N (VT-ILZ),01:52:00,07:40:00,07:44:00,09:55:00,,Landed 9:35 AM,  , ,112.0
, ,2025-07-22,Mumbai (BOM),Varanasi (VNS),A21N (VT-IRV),01:51:00,07:40:00,08:09:00,09:55:00,,Landed 10:00 AM,  , ,111.0
, ,2025-07-21,Mumbai (BOM),Varanasi (VNS),A21N (VT-IMM),01:50:00,07:40:00,07:54:00,09:55:00,,Landed 9:44 AM,  , ,110.0
, ,2025-07-20,Mumbai (BOM),Varanasi (VNS),A21N (VT-ICT),01:48:00,07:40:00,07:47:00,09:55:00,,Landed 9:35 AM,  , ,108.0
, ,2025-07-19,Mumbai (BOM),Varanasi (VNS),A21N (VT-ICQ),01:49:00,07:40:00,07:52:00,09:55:00,,Landed 9:41 AM,  , ,109.0
,,,,,,,,,,,,,,
38.0, QP1524,,,,,,,,,,,,,
, ,2025-07-25,Mumbai (BOM),Lucknow (LKO),B38M (VT-YBF),01:48:00,07:45:00,08:11:00,10:00:00,,Landed 9:59 AM,  , ,108.0
, ,2025-07-24,Mumbai (BOM),Lucknow (LKO),B38M (VT-YAI),01:47:00,07:45:00,08:07:00,10:00:00,,Landed 9:54 AM,  , ,107.0
, ,2025-07-22,Mumbai (BOM),Lucknow (LKO),B38M (VT-YAQ),01:49:00,07:45:00,08:02:00,10:00:00,,Landed 9:51 AM,  , ,109.0
, ,2025-07-21,Mumbai (BOM),Lucknow (LKO),B38M (VT-YAM),01:43:00,07:45:00,09:03:00,10:00:00,,Landed 10:45 AM,  , ,103.0
, ,2025-07-20,Mumbai (BOM),Lucknow (LKO),B38M (VT-YAS),01:49:00,07:50:00,08:17:00,10:00:00,,Landed 10:06 AM,  , ,109.0
, ,2025-07-19,Mumbai (BOM),Lucknow (LKO),B38M (VT-YAG),01:45:00,07:50:00,08:16:00,10:00:00,,Landed 10:02 AM,  , ,105.0
,,,,,,,,,,,,,,
39.0,AI2354,,,,,,,,,,,,,
, ,2025-07-25,Mumbai (BOM),Bangkok (BKK),A20N (VT-RTS),04:08:00,07:45:00,08:21:00,13:35:00,,Landed 1:58 PM,  , ,248.0
, ,2025-07-24,Mumbai (BOM),Bangkok (BKK),A20N (VT-EXN),04:11:00,07:45:00,07:56:00,13:35:00,,Landed 1:36 PM,  , ,251.0
, ,2025-07-23,Mumbai (BOM),Bangkok (BKK),A20N (VT-EXU),04:30:00,07:45:00,08:07:00,13:35:00,,Landed 2:07 PM,  , ,270.0
, ,2025-07-22,Mumbai (BOM),Bangkok (BKK),A20N (VT-RTS),04:11:00,07:45:00,08:16:00,13:35:00,,Landed 1:58 PM,  , ,251.0
, ,2025-07-21,Mumbai (BOM),Bangkok (BKK),A20N (VT-RTU),04:16:00,07:45:00,08:01:00,13:35:00,,Landed 1:46 PM,  , ,256.0
, ,2025-07-20,Mumbai (BOM),Bangkok (BKK),A20N (VT-RTT),04:05:00,07:45:00,08:12:00,13:35:00,,Landed 1:47 PM,  , ,245.0
, ,2025-07-19,Mumbai (BOM),Bangkok (BKK),A20N (VT-RTN),04:09:00,07:45:00,08:06:00,13:35:00,,Landed 1:45 PM,  , ,249.0
,,,,,,,,,,,,,,
40.0,AI2970,,,,,,,,,,,,,
, ,2025-07-25,Mumbai (BOM),Delhi (DEL),A20N (VT-TNI),01:47:00,07:45:00,08:03:00,09:55:00,,Landed 9:49 AM,  , ,107.0
, ,2025-07-24,Mumbai (BOM),Delhi (DEL),A20N (VT-TNB),01:46:00,07:45:00,08:12:00,09:55:00,,Landed 9:58 AM,  , ,106.0
, ,2025-07-23,Mumbai (BOM),Delhi (DEL),A20N (VT-TNX),01:54:00,07:45:00,08:12:00,09:55:00,,Landed 10:07 AM,  , ,114.0
, ,2025-07-21,Mumbai (BOM),Delhi (DEL),A20N (VT-TQN),01:41:00,07:45:00,08:45:00,09:55:00,,Landed 10:25 AM,  , ,101.0
, ,2025-07-20,Mumbai (BOM),Delhi (DEL),A20N (VT-TNI),01:45:00,07:45:00,07:55:00,09:55:00,,Landed 9:40 AM,  , ,105.0
, ,2025-07-19,Mumbai (BOM),Delhi (DEL),A20N (VT-EXR),01:46:00,07:45:00,07:56:00,09:55:00,,Landed 9:42 AM,  , ,106.0
,,,,,,,,,,,,,,
41.0,6E5329,,,,,,,,,,,,,
, ,2025-07-25,Mumbai (BOM),Kolkata (CCU),A21N (VT-IBF),02:34:00,07:45:00,08:05:00,10:45:00,,Landed 10:39 AM,  , ,154.0
, ,2025-07-24,Mumbai (BOM),Kolkata (CCU),A21N (VT-IMC),02:21:00,07:45:00,08:15:00,10:45:00,,Landed 10:36 AM,  , ,141.0
, ,2025-07-23,Mumbai (BOM),Kolkata (CCU),A21N (VT-ICO),02:23:00,07:45:00,08:09:00,10:45:00,,Landed 10:33 AM,  , ,143.0
, ,2025-07-22,Mumbai (BOM),Kolkata (CCU),A21N (VT-IBD),02:28:00,07:45:00,08:12:00,10:45:00,,Landed 10:40 AM,  , ,148.0
, ,2025-07-21,Mumbai (BOM),Kolkata (CCU),A21N (VT-IBM),02:25:00,07:45:00,08:52:00,10:45:00,,Landed 11:17 AM,  , ,145.0
, ,2025-07-20,Mumbai (BOM),Kolkata (CCU),A21N (VT-IBQ),02:28:00,07:45:00,08:23:00,10:45:00,,Landed 10:51 AM,  , ,148.0
, ,2025-07-19,Mumbai (BOM),Kolkata (CCU),A21N (VT-IMH),02:26:00,07:45:00,08:09:00,10:45:00,,Landed 10:35 AM,  , ,146.0
,,,,,,,,,,,,,,
42.0,6E5305,,,,,,,,,,,,,
, ,2025-07-25,Mumbai (BOM),Siliguri (IXB),A20N (VT-IIH),02:39:00,07:50:00,08:17:00,10:55:00,,Landed 10:56 AM,  , ,159.0
, ,2025-07-24,Mumbai (BOM),Siliguri (IXB),A20N (VT-IQO),02:32:00,07:50:00,08:03:00,10:55:00,,Landed 10:36 AM,  , ,152.0
, ,2025-07-23,Mumbai (BOM),Siliguri (IXB),A20N (VT-IXI),02:38:00,07:50:00,08:19:00,10:55:00,,Landed 10:58 AM,  , ,158.0
, ,2025-07-22,Mumbai (BOM),Siliguri (IXB),A20N (VT-IQF),02:29:00,07:50:00,08:03:00,10:55:00,,Landed 10:31 AM,  , ,149.0
, ,2025-07-21,Mumbai (BOM),Siliguri (IXB),A20N (VT-IIH),02:37:00,07:50:00,08:37:00,10:55:00,,Landed 11:14 AM,  , ,157.0
, ,2025-07-20,Mumbai (BOM),Siliguri (IXB),A20N (VT-IIS),02:35:00,07:50:00,08:07:00,10:55:00,,Landed 10:42 AM,  , ,155.0
, ,2025-07-19,Mumbai (BOM),Siliguri (IXB),A20N (VT-IQK),02:29:00,07:50:00,08:03:00,10:55:00,,Landed 10:33 AM,  , ,149.0
,,,,,,,,,,,,,,
43.0,6E333,,,,,,,,,,,,,
, ,2025-07-25,Mumbai (BOM),Delhi (DEL),A21N (VT-NCR),01:46:00,08:05:00,08:34:00,10:15:00,,Landed 10:20 AM,  , ,106.0
, ,2025-07-24,Mumbai (BOM),Delhi (DEL),A21N (VT-NCG),01:38:00,08:05:00,08:24:00,10:15:00,,Landed 10:01 AM,  , ,98.0
, ,2025-07-23,Mumbai (BOM),Delhi (DEL),A21N (VT-NCL),01:49:00,08:05:00,08:25:00,10:15:00,,Landed 10:14 AM,  , ,109.0
, ,2025-07-22,Mumbai (BOM),Delhi (DEL),A21N (VT-NCJ),01:50:00,08:05:00,08:23:00,10:15:00,,Landed 10:13 AM,  , ,110.0
, ,2025-07-21,Mumbai (BOM),Delhi (DEL),A21N (VT-NCJ),01:43:00,08:05:00,08:59:00,10:15:00,,Landed 10:42 AM,  , ,103.0
, ,2025-07-20,Mumbai (BOM),Delhi (DEL),A21N (VT-NCC),01:40:00,08:05:00,08:26:00,10:15:00,,Landed 10:06 AM,  , ,100.0
, ,2025-07-19,Mumbai (BOM),Delhi (DEL),A21N (VT-NCN),01:42:00,08:05:00,08:19:00,10:15:00,,Landed 10:01 AM,  , ,102.0
,,,,,,,,,,,,,,
44.0,6E1451,,,,,,,,,,,,,
, ,2025-07-25,Mumbai (BOM),Dubai (DXB),A20N (VT-IPD),02:34:00,08:10:00,08:30:00,09:40:00,,Landed 9:34 AM,  , ,154.0
, ,2025-07-24,Mumbai (BOM),Dubai (DXB),A20N (VT-IPI),02:24:00,08:10:00,08:26:00,09:40:00,,Landed 9:21 AM,  , ,144.0
, ,2025-07-23,Mumbai (BOM),Dubai (DXB),A20N (VT-IIO),02:20:00,08:10:00,08:32:00,09:40:00,,Landed 9:21 AM,  , ,140.0
, ,2025-07-22,Mumbai (BOM),Dubai (DXB),A20N (VT-IZE),02:28:00,08:10:00,08:28:00,09:40:00,,Landed 9:26 AM,  , ,148.0
, ,2025-07-21,Mumbai (BOM),Dubai (DXB),A20N (VT-IZE),02:26:00,08:10:00,09:16:00,09:40:00,,Landed 10:12 AM,  , ,146.0
, ,2025-07-20,Mumbai (BOM),Dubai (DXB),A20N (VT-IQO),02:25:00,08:10:00,08:40:00,09:40:00,,Landed 9:35 AM,  , ,145.0
, ,2025-07-19,Mumbai (BOM),Dubai (DXB),A20N (VT-IIX),02:30:00,08:10:00,08:36:00,09:40:00,,Landed 9:35 AM,  , ,150.0
,,,,,,,,,,,,,,
45.0, 6E5204,,,,,,,,,,,,,
, ,2025-07-25,Mumbai (BOM),Chennai (MAA),A21N (VT-IWR),01:44:00,08:15:00,08:47:00,10:10:00,,Landed 10:31 AM,  , ,104.0
, ,2025-07-24,Mumbai (BOM),Chennai (MAA),A21N (VT-ICO),01:39:00,08:15:00,08:29:00,10:10:00,,Landed 10:08 AM,  , ,99.0
, ,2025-07-23,Mumbai (BOM),Chennai (MAA),A21N (VT-ILH),01:35:00,08:15:00,08:35:00,10:10:00,,Landed 10:09 AM,  , ,95.0
, ,2025-07-22,Mumbai (BOM),Chennai (MAA),A21N (VT-IBW),01:34:00,08:15:00,08:32:00,10:10:00,,Landed 10:06 AM,  , ,94.0
, ,2025-07-21,Mumbai (BOM),Chennai (MAA),A21N (VT-IBF),01:31:00,08:15:00,09:08:00,10:10:00,,Landed 10:39 AM,  , ,91.0
, ,2025-07-20,Mumbai (BOM),Chennai (MAA),A21N (VT-IRZ),01:31:00,08:15:00,08:32:00,10:10:00,,Landed 10:04 AM,  , ,91.0
, ,2025-07-19,Mumbai (BOM),Chennai (MAA),A21N (VT-IBY),01:34:00,08:15:00,08:41:00,10:10:00,,Landed 10:15 AM,  , ,94.0
,,,,,,,,,,,,,,
46.0,6E6258,,,,,,,,,,,,,
, ,2025-07-25,Mumbai (BOM),Goa (GOX),A21N (VT-ILO),00:41:00,08:15:00,08:39:00,09:30:00,,Landed 9:20 AM,  , ,41.0
, ,2025-07-24,Mumbai (BOM),Goa (GOX),A21N (VT-ICK),00:41:00,08:15:00,08:33:00,09:30:00,,Landed 9:13 AM,  , ,41.0
, ,2025-07-23,Mumbai (BOM),Goa (GOX),A21N (VT-ICK),00:47:00,08:15:00,08:37:00,09:30:00,,Landed 9:24 AM,  , ,47.0
, ,2025-07-22,Mumbai (BOM),Goa (GOX),A21N (VT-ICK),00:46:00,08:15:00,08:29:00,09:30:00,,Landed 9:15 AM,  , ,46.0
, ,2025-07-21,Mumbai (BOM),Goa (GOX),A21N (VT-ICK),00:49:00,08:15:00,09:11:00,09:30:00,,Landed 10:00 AM,  , ,49.0
, ,2025-07-20,Mumbai (BOM),Goa (GOX),A21N (VT-ICL),00:43:00,08:15:00,08:35:00,09:30:00,,Landed 9:18 AM,  , ,43.0
, ,2025-07-19,Mumbai (BOM),Goa (GOX),A21N (VT-IBX),00:41:00,08:15:00,08:29:00,09:30:00,,Landed 9:10 AM,  , ,41.0
,,,,,,,,,,,,,,
47.0,6E532,,,,,,,,,,,,,
, ,2025-07-25,Mumbai (BOM),Tirupati (TIR),A21N (VT-ICK),01:35:00,08:30:00,09:08:00,10:20:00,,Landed 10:43 AM,  , ,95.0
, ,2025-07-24,Mumbai (BOM),Tirupati (TIR),A21N (VT-IML),01:29:00,08:30:00,08:41:00,10:20:00,,Landed 10:10 AM,  , ,89.0
, ,2025-07-23,Mumbai (BOM),Tirupati (TIR),A21N (VT-IMZ),01:33:00,08:30:00,08:44:00,10:20:00,,Landed 10:17 AM,  , ,93.0
, ,2025-07-22,Mumbai (BOM),Tirupati (TIR),A21N (VT-ICZ),01:29:00,08:30:00,08:38:00,10:20:00,,Landed 10:06 AM,  , ,89.0
, ,2025-07-21,Mumbai (BOM),Tirupati (TIR),A21N (VT-ICG),01:39:00,08:30:00,09:25:00,10:20:00,,Landed 11:04 AM,  , ,99.0
, ,2025-07-20,Mumbai (BOM),Tirupati (TIR),A21N (VT-IBO),01:27:00,08:30:00,08:38:00,10:20:00,,Landed 10:04 AM,  , ,87.0
, ,2025-07-19,Mumbai (BOM),Tirupati (TIR),A21N (VT-ILI),01:26:00,08:30:00,08:38:00,10:20:00,,Landed 10:05 AM,  , ,86.0
,,,,,,,,,,,,,,
48.0,6E5281,,,,,,,,,,,,,
, ,2025-07-24,Mumbai (BOM),Jaipur (JAI),A20N (VT-IZC),01:25:00,08:35:00,08:47:00,10:25:00,,Landed 10:12 AM,  , ,85.0
, ,2025-07-23,Mumbai (BOM),Jaipur (JAI),A20N (VT-ISP),01:23:00,08:35:00,08:52:00,10:25:00,,Landed 10:15 AM,  , ,83.0
, ,2025-07-22,Mumbai (BOM),Jaipur (JAI),A20N (VT-IQH),01:23:00,08:35:00,08:42:00,10:25:00,,Landed 10:05 AM,  , ,83.0
, ,2025-07-21,Mumbai (BOM),Jaipur (JAI),A20N (VT-IQA),01:25:00,08:35:00,11:01:00,10:25:00,,Landed 12:26 PM,  , ,85.0
, ,2025-07-20,Mumbai (BOM),Jaipur (JAI),A20N (VT-IXO),01:23:00,08:35:00,08:45:00,10:25:00,,Landed 10:08 AM,  , ,83.0
, ,2025-07-19,Mumbai (BOM),Jaipur (JAI),A20N (VT-IXI),01:22:00,08:35:00,08:44:00,10:25:00,,Landed 10:05 AM,  , ,82.0
,,,,,,,,,,,,,,
49.0,QP1781,,,,,,,,,,,,,
, ,2025-07-25,Mumbai (BOM),Ahmedabad (AMD),B38M (VT-YAG),00:59:00,08:40:00,09:15:00,10:00:00,,Landed 10:14 AM,  , ,59.0
, ,2025-07-24,Mumbai (BOM),Ahmedabad (AMD),B38M (VT-YAR),00:58:00,08:40:00,09:02:00,10:00:00,,Landed 10:00 AM,  , ,58.0
, ,2025-07-23,Mumbai (BOM),Ahmedabad (AMD),B38M (VT-YBC),00:57:00,08:40:00,09:07:00,10:00:00,,Landed 10:05 AM,  , ,57.0
, ,2025-07-22,Mumbai (BOM),Ahmedabad (AMD),B38M (VT-YAR),01:02:00,08:40:00,09:05:00,10:00:00,,Landed 10:07 AM,  , ,62.0
, ,2025-07-21,Mumbai (BOM),Ahmedabad (AMD),B38M (VT-YBC),00:57:00,08:40:00,10:38:00,10:00:00,,Landed 11:35 AM,  , ,57.0
, ,2025-07-20,Mumbai (BOM),Ahmedabad (AMD),B38M (VT-YAX),00:53:00,08:40:00,10:55:00,10:00:00,,Landed 11:48 AM,  , ,53.0
, ,2025-07-19,Mumbai (BOM),Ahmedabad (AMD),B38M (VT-YAC),00:56:00,08:40:00,09:01:00,10:00:00,,Landed 9:57 AM,  , ,56.0
,,,,,,,,,,,,,,
50.0,WY202,,,,,,,,,,,,,
, ,2025-07-25,Mumbai (BOM),Muscat (MCT),B38M (A4O-MJ),02:04:00,08:40:00,09:25:00,09:50:00,,Landed 10:00 AM,  , ,124.0
, ,2025-07-24,Mumbai (BOM),Muscat (MCT),B739 (A4O-BT),02:04:00,10:05:00,10:21:00,11:15:00,,Landed 10:55 AM,  , ,124.0
, ,2025-07-23,Mumbai (BOM),Muscat (MCT),B739 (A4O-BY),02:06:00,10:05:00,12:40:00,11:15:00,,Landed 1:16 PM,  , ,126.0
, ,2025-07-21,Mumbai (BOM),Muscat (MCT),B739 (A4O-BT),02:04:00,10:05:00,12:17:00,11:15:00,,Landed 12:51 PM,  , ,124.0
, ,2025-07-20,Mumbai (BOM),Muscat (MCT),B739 (A4O-BT),02:04:00,10:05:00,13:19:00,11:15:00,,Landed 1:53 PM,  , ,124.0
, ,2025-07-19,Mumbai (BOM),Muscat (MCT),B738 (A4O-BAC),02:07:00,10:05:00,10:25:00,11:15:00,,Landed 11:02 AM,  , ,127.0
,,,,,,,,,,,,,,
51.0,6E1011,,,,,,,,,,,,,
, ,2025-07-25,Mumbai (BOM),Singapore (SIN),A21N (VT-IMH),05:27:00,08:40:00,09:18:00,17:20:00,,Landed 5:15 PM,  , ,327.0
, ,2025-07-24,Mumbai (BOM),Singapore (SIN),A21N (VT-ILG),05:23:00,08:40:00,09:05:00,17:20:00,,Landed 4:59 PM,  , ,323.0
, ,2025-07-23,Mumbai (BOM),Singapore (SIN),A21N (VT-ILG),05:24:00,08:40:00,09:00:00,17:20:00,,Landed 4:54 PM,  , ,324.0
, ,2025-07-22,Mumbai (BOM),Singapore (SIN),A21N (VT-ILN),05:10:00,08:40:00,08:52:00,17:20:00,,Landed 4:32 PM,  , ,310.0
, ,2025-07-21,Mumbai (BOM),Singapore (SIN),A21N (VT-ILX),05:25:00,08:40:00,10:22:00,17:20:00,,Landed 6:17 PM,  , ,325.0
, ,2025-07-20,Mumbai (BOM),Singapore (SIN),A21N (VT-ILX),05:32:00,08:40:00,08:58:00,17:20:00,,Landed 5:00 PM,  , ,332.0
, ,2025-07-19,Mumbai (BOM),Singapore (SIN),A21N (VT-ILT),05:18:00,08:40:00,08:56:00,17:20:00,,Landed 4:44 PM,  , ,318.0
,,,,,,,,,,,,,,
52.0,6E5193,,,,,,,,,,,,,
, ,2025-07-25,Mumbai (BOM),Bengaluru (BLR),A21N (VT-NCL),01:18:00,08:45:00,09:05:00,10:45:00,,Landed 10:24 AM,  , ,78.0
, ,2025-07-24,Mumbai (BOM),Bengaluru (BLR),A21N (VT-NCL),01:16:00,08:45:00,08:52:00,10:45:00,,Landed 10:08 AM,  , ,76.0
, ,2025-07-23,Mumbai (BOM),Bengaluru (BLR),A21N (VT-IWQ),01:19:00,08:45:00,08:58:00,10:45:00,,Landed 10:17 AM,  , ,79.0
, ,2025-07-22,Mumbai (BOM),Bengaluru (BLR),A21N (VT-IWQ),01:23:00,08:45:00,08:47:00,10:45:00,,Landed 10:10 AM,  , ,83.0
, ,2025-07-21,Mumbai (BOM),Bengaluru (BLR),A21N (VT-IWQ),01:13:00,08:45:00,09:28:00,10:45:00,,Landed 10:41 AM,  , ,73.0
, ,2025-07-20,Mumbai (BOM),Bengaluru (BLR),A21N (VT-IWV),01:20:00,08:45:00,08:49:00,10:45:00,,Landed 10:10 AM,  , ,80.0
, ,2025-07-19,Mumbai (BOM),Bengaluru (BLR),A21N (VT-NCD),01:20:00,08:45:00,08:53:00,10:45:00,,Landed 10:13 AM,  , ,80.0
,,,,,,,,,,,,,,
53.0, AI2432,,,,,,,,,,,,,
, ,2025-07-25,Mumbai (BOM),Delhi (DEL),A20N (VT-TNP),01:50:00,08:45:00,09:33:00,10:55:00,,Landed 11:23 AM,  , ,110.0
, ,2025-07-24,Mumbai (BOM),Delhi (DEL),A20N (VT-TNX),01:40:00,08:45:00,08:55:00,10:55:00,,Landed 10:35 AM,  , ,100.0
, ,2025-07-23,Mumbai (BOM),Delhi (DEL),A20N (VT-TQK),01:54:00,08:45:00,09:04:00,10:55:00,,Landed 10:58 AM,  , ,114.0
, ,2025-07-22,Mumbai (BOM),Delhi (DEL),A20N (VT-TNE),02:07:00,08:45:00,09:07:00,10:55:00,,Landed 11:14 AM,  , ,127.0
, ,2025-07-21,Mumbai (BOM),Delhi (DEL),A20N (VT-TQP),01:40:00,08:45:00,09:19:00,10:55:00,,Landed 10:58 AM,  , ,100.0
, ,2025-07-20,Mumbai (BOM),Delhi (DEL),A20N (VT-TQV),01:42:00,08:45:00,08:55:00,10:55:00,,Landed 10:36 AM,  , ,102.0
, ,2025-07-19,Mumbai (BOM),Delhi (DEL),A20N (VT-ATV),01:40:00,08:45:00,08:58:00,10:55:00,,Landed 10:39 AM,  , ,100.0
,,,,,,,,,,,,,,
54.0,6E6674,,,,,,,,,,,,,
, ,2025-07-25,Mumbai (BOM),Mangaluru (IXE),A20N (VT-IQG),01:10:00,08:50:00,09:21:00,10:20:00,,Landed 10:31 AM,  , ,70.0
, ,2025-07-24,Mumbai (BOM),Mangaluru (IXE),A20N (VT-IQK),01:12:00,08:50:00,08:58:00,10:20:00,,Landed 10:10 AM,  , ,72.0
, ,2025-07-23,Mumbai (BOM),Mangaluru (IXE),A20N (VT-IIS),01:08:00,08:50:00,09:12:00,10:20:00,,Landed 10:19 AM,  , ,68.0
, ,2025-07-22,Mumbai (BOM),Mangaluru (IXE),A20N (VT-IVB),01:03:00,08:50:00,08:54:00,10:20:00,,Landed 9:58 AM,  , ,63.0
, ,2025-07-21,Mumbai (BOM),Mangaluru (IXE),A20N (VT-IIW),01:08:00,08:50:00,10:42:00,10:20:00,,Landed 11:49 AM,  , ,68.0
, ,2025-07-20,Mumbai (BOM),Mangaluru (IXE),A20N (VT-ITR),01:05:00,08:50:00,09:09:00,10:20:00,,Landed 10:14 AM,  , ,65.0
, ,2025-07-19,Mumbai (BOM),Mangaluru (IXE),A20N (VT-IJR),01:05:00,08:50:00,09:06:00,10:20:00,,Landed 10:11 AM,  , ,65.0
,,,,,,,,,,,,,,
55.0,6E2301,,,,,,,,,,,,,
, ,2025-07-25,Mumbai (BOM),Bhubaneswar (BBI),A21N (VT-IMB),01:56:00,08:55:00,09:43:00,11:20:00,,Landed 11:40 AM,  , ,116.0
, ,2025-07-24,Mumbai (BOM),Bhubaneswar (BBI),A21N (VT-IRY),02:02:00,08:55:00,09:13:00,11:20:00,,Landed 11:15 AM,  , ,122.0
, ,2025-07-23,Mumbai (BOM),Bhubaneswar (BBI),A21N (VT-IRZ),01:57:00,08:55:00,09:09:00,11:20:00,,Landed 11:07 AM,  , ,117.0
, ,2025-07-22,Mumbai (BOM),Bhubaneswar (BBI),A21N (VT-ICY),01:59:00,08:55:00,09:20:00,11:20:00,,Landed 11:19 AM,  , ,119.0
, ,2025-07-21,Mumbai (BOM),Bhubaneswar (BBI),A21N (VT-ICL),02:03:00,08:55:00,10:32:00,11:20:00,,Landed 12:35 PM,  , ,123.0
, ,2025-07-20,Mumbai (BOM),Bhubaneswar (BBI),A21N (VT-IBD),01:58:00,08:55:00,09:03:00,11:20:00,,Landed 11:01 AM,  , ,118.0
, ,2025-07-19,Mumbai (BOM),Bhubaneswar (BBI),A21N (VT-IRV),01:57:00,08:55:00,09:04:00,11:20:00,,Landed 11:01 AM,  , ,117.0
,,,,,,,,,,,,,,
56.0,6E2347,,,,,,,,,,,,,
, ,2025-07-25,Mumbai (BOM),Ahmedabad (AMD),A320 (VT-IFN),00:52:00,08:55:00,10:14:00,10:15:00,,Landed 11:06 AM,  , ,52.0
, ,2025-07-24,Mumbai (BOM),Ahmedabad (AMD),A20N (VT-IQC),00:54:00,08:55:00,09:08:00,10:15:00,,Landed 10:02 AM,  , ,54.0
, ,2025-07-23,Mumbai (BOM),Ahmedabad (AMD),A20N (VT-IIX),00:53:00,08:55:00,09:33:00,10:15:00,,Landed 10:25 AM,  , ,53.0
, ,2025-07-22,Mumbai (BOM),Ahmedabad (AMD),A20N (VT-IIL),00:51:00,08:55:00,09:46:00,10:15:00,,Landed 10:36 AM,  , ,51.0
, ,2025-07-21,Mumbai (BOM),Ahmedabad (AMD),A20N (VT-IPW),01:02:00,08:55:00,10:20:00,10:15:00,,Landed 11:23 AM,  , ,62.0
, ,2025-07-20,Mumbai (BOM),Ahmedabad (AMD),A20N (VT-IIE),00:53:00,08:55:00,09:01:00,10:15:00,,Landed 9:54 AM,  , ,53.0
, ,2025-07-19,Mumbai (BOM),Ahmedabad (AMD),A320 (VT-IKP),00:53:00,08:55:00,09:10:00,10:15:00,,Landed 10:03 AM,  , ,53.0
